<?xml version="1.0" encoding="UTF-8"?>
<metadata xml:lang="he"><Esri><CreaDate>20210609</CreaDate><CreaTime>08523600</CreaTime><ArcGISFormat>1.0</ArcGISFormat><SyncOnce>FALSE</SyncOnce><DataProperties><itemProps><itemName Sync="TRUE">lots</itemName><imsContentType Sync="TRUE">002</imsContentType><itemSize Sync="TRUE">0.000</itemSize><itemLocation><linkage Sync="TRUE">file://\\10.237.72.50\d$\gis_data\data\K_yona\k_yona_main_data.gdb</linkage><protocol Sync="TRUE">Local Area Network</protocol></itemLocation></itemProps><lineage><Process ToolSource="c:\program files (x86)\arcgis\desktop10.6\ArcToolbox\Toolboxes\Data Management Tools.tbx\CopyFeatures" Date="20210425" Time="140144">CopyFeatures T:\CITIES\K_yona\DATA\GRAF_DAT\CITY\lots.shp "C:\Hen\כפר יונה\lots.shp" # 0 0 0</Process><Process ToolSource="c:\program files (x86)\arcgis\desktop10.6\ArcToolbox\Toolboxes\Data Management Tools.tbx\DefineProjection" Date="20210425" Time="140735">DefineProjection "C:\Hen\כפר יונה\lots.shp" PROJCS['Israel_TM_Grid',GEOGCS['GCS_Israel',DATUM['D_Israel',SPHEROID['GRS_1980',6378137.0,298.257222101]],PRIMEM['Greenwich',0.0],UNIT['Degree',0.0174532925199433]],PROJECTION['Transverse_Mercator'],PARAMETER['False_Easting',219529.584],PARAMETER['False_Northing',626907.39],PARAMETER['Central_Meridian',35.20451694444445],PARAMETER['Scale_Factor',1.0000067],PARAMETER['Latitude_Of_Origin',31.73439361111111],UNIT['Meter',1.0]]</Process><Process ToolSource="c:\program files (x86)\arcgis\desktop10.6\ArcToolbox\Toolboxes\Conversion Tools.tbx\FeatureClassToFeatureClass" Date="20210425" Time="141929">FeatureClassToFeatureClass "C:\Hen\כפר יונה\lots.shp" "C:\Hen\כפר יונה\כפר יונה" lots.shp # "LAYER "LAYER" true true false 254 Text 0 0 ,First,#,C:\Hen\כפר יונה\lots.shp,LAYER,-1,-1;GUSH "GUSH" true true false 11 Double 0 11 ,First,#,C:\Hen\כפר יונה\lots.shp,GUSH,-1,-1;HELKA "HELKA" true true false 11 Double 0 11 ,First,#,C:\Hen\כפר יונה\lots.shp,HELKA,-1,-1;YKD2 "YKD2" true true false 11 Double 0 11 ,First,#,C:\Hen\כפר יונה\lots.shp,YKD2,-1,-1;YSTR "YSTR" true true false 254 Text 0 0 ,First,#,C:\Hen\כפר יונה\lots.shp,YSTR,-1,-1;THICKNESS "THICKNESS" true true false 19 Double 15 18 ,First,#,C:\Hen\כפר יונה\lots.shp,THICKNESS,-1,-1;GAR_KEY "GAR_KEY" true true false 19 Double 15 18 ,First,#,C:\Hen\כפר יונה\lots.shp,GAR_KEY,-1,-1" #</Process><Process ToolSource="c:\program files (x86)\arcgis\desktop10.6\ArcToolbox\Toolboxes\Data Management Tools.tbx\CopyFeatures" Date="20210425" Time="142059">CopyFeatures "C:\Hen\כפר יונה\כפר יונה\lots.shp" "C:\Hen\כפר יונה\lots.shp" # 0 0 0</Process><Process ToolSource="c:\program files (x86)\arcgis\desktop10.6\ArcToolbox\Toolboxes\Data Management Tools.tbx\DefineProjection" Date="20210425" Time="142218">DefineProjection "C:\Hen\כפר יונה\lots.shp" PROJCS['Israel_TM_Grid',GEOGCS['GCS_Israel',DATUM['D_Israel',SPHEROID['GRS_1980',6378137.0,298.257222101]],PRIMEM['Greenwich',0.0],UNIT['Degree',0.0174532925199433]],PROJECTION['Transverse_Mercator'],PARAMETER['False_Easting',219529.584],PARAMETER['False_Northing',626907.39],PARAMETER['Central_Meridian',35.20451694444445],PARAMETER['Scale_Factor',1.0000067],PARAMETER['Latitude_Of_Origin',31.73439361111111],UNIT['Meter',1.0]]</Process><Process ToolSource="c:\program files (x86)\arcgis\desktop10.6\ArcToolbox\Toolboxes\Data Management Tools.tbx\DefineProjection" Date="20210425" Time="142240">DefineProjection "C:\Hen\כפר יונה\lots.shp" PROJCS['Israel_TM_Grid',GEOGCS['GCS_Israel',DATUM['D_Israel',SPHEROID['GRS_1980',6378137.0,298.257222101]],PRIMEM['Greenwich',0.0],UNIT['Degree',0.0174532925199433]],PROJECTION['Transverse_Mercator'],PARAMETER['False_Easting',219529.584],PARAMETER['False_Northing',626907.39],PARAMETER['Central_Meridian',35.20451694444445],PARAMETER['Scale_Factor',1.0000067],PARAMETER['Latitude_Of_Origin',31.73439361111111],UNIT['Meter',1.0]]</Process><Process ToolSource="c:\program files (x86)\arcgis\desktop10.6\ArcToolbox\Toolboxes\Data Management Tools.tbx\DefineProjection" Date="20210425" Time="142307">DefineProjection "C:\Hen\כפר יונה\lots.shp" PROJCS['Israel_TM_Grid',GEOGCS['GCS_Israel',DATUM['D_Israel',SPHEROID['GRS_1980',6378137.0,298.257222101]],PRIMEM['Greenwich',0.0],UNIT['Degree',0.0174532925199433]],PROJECTION['Transverse_Mercator'],PARAMETER['False_Easting',219529.584],PARAMETER['False_Northing',626907.39],PARAMETER['Central_Meridian',35.20451694444445],PARAMETER['Scale_Factor',1.0000067],PARAMETER['Latitude_Of_Origin',31.73439361111111],UNIT['Meter',1.0]]</Process><Process ToolSource="c:\program files (x86)\arcgis\desktop10.6\ArcToolbox\Toolboxes\Data Management Tools.tbx\CopyFeatures" Date="20210425" Time="142310">CopyFeatures "C:\Hen\כפר יונה\lots.shp" C:\kovezh_ironi\ironi.gdb\lots # 0 0 0</Process><Process ToolSource="c:\program files (x86)\arcgis\desktop10.6\ArcToolbox\Toolboxes\Data Management Tools.tbx\AddField" Date="20210425" Time="142311">AddField C:\kovezh_ironi\ironi.gdb\lots ToSite TEXT # # 254 "לאתר הנדסי" NULLABLE NON_REQUIRED #</Process><Process ToolSource="c:\program files (x86)\arcgis\desktop10.6\ArcToolbox\Toolboxes\Data Management Tools.tbx\AddField" Date="20210425" Time="142312">AddField C:\kovezh_ironi\ironi.gdb\lots internet TEXT # # 254 "פרטי גוש חלקה" NULLABLE NON_REQUIRED #</Process><Process ToolSource="c:\program files (x86)\arcgis\desktop10.6\ArcToolbox\Toolboxes\Data Management Tools.tbx\AddField" Date="20210425" Time="142313">AddField C:\kovezh_ironi\ironi.gdb\lots gush_txt TEXT # # 15 גוש NULLABLE NON_REQUIRED #</Process><Process ToolSource="c:\program files (x86)\arcgis\desktop10.6\ArcToolbox\Toolboxes\Data Management Tools.tbx\AddField" Date="20210425" Time="142313">AddField C:\kovezh_ironi\ironi.gdb\lots helka_txt TEXT # # 10 חלקה NULLABLE NON_REQUIRED #</Process><Process ToolSource="c:\program files (x86)\arcgis\desktop10.6\ArcToolbox\Toolboxes\Data Management Tools.tbx\AddField" Date="20210425" Time="142314">AddField C:\kovezh_ironi\ironi.gdb\lots infopage TEXT # # 254 "הפקת דף מידע" NULLABLE NON_REQUIRED #</Process><Process ToolSource="c:\program files (x86)\arcgis\desktop10.6\ArcToolbox\Toolboxes\Data Management Tools.tbx\AddField" Date="20210425" Time="142315">AddField C:\kovezh_ironi\ironi.gdb\lots ToSYS TEXT # # 150 "למערכת קומפלוט" NULLABLE NON_REQUIRED #</Process><Process ToolSource="c:\program files (x86)\arcgis\desktop10.6\ArcToolbox\Toolboxes\Conversion Tools.tbx\FeatureClassToFeatureClass" Date="20210425" Time="142318">FeatureClassToFeatureClass C:\kovezh_ironi\ironi.gdb\lots "C:\Hen\כפר יונה\כפר יונה" lots # "LAYER "LAYER" true true false 254 Text 0 0 ,First,#,C:\kovezh_ironi\ironi.gdb\lots,LAYER,-1,-1;GUSH "GUSH" true true false 8 Double 0 0 ,First,#,C:\kovezh_ironi\ironi.gdb\lots,GUSH,-1,-1;HELKA "HELKA" true true false 8 Double 0 0 ,First,#,C:\kovezh_ironi\ironi.gdb\lots,HELKA,-1,-1;YKD2 "YKD2" true true false 8 Double 0 0 ,First,#,C:\kovezh_ironi\ironi.gdb\lots,YKD2,-1,-1;YSTR "YSTR" true true false 254 Text 0 0 ,First,#,C:\kovezh_ironi\ironi.gdb\lots,YSTR,-1,-1;THICKNESS "THICKNESS" true true false 8 Double 0 0 ,First,#,C:\kovezh_ironi\ironi.gdb\lots,THICKNESS,-1,-1;GAR_KEY "GAR_KEY" true true false 8 Double 0 0 ,First,#,C:\kovezh_ironi\ironi.gdb\lots,GAR_KEY,-1,-1;Shape_Leng "Shape_Leng" false true true 8 Double 0 0 ,First,#,C:\kovezh_ironi\ironi.gdb\lots,Shape_Length,-1,-1;Shape_Area "Shape_Area" false true true 8 Double 0 0 ,First,#,C:\kovezh_ironi\ironi.gdb\lots,Shape_Area,-1,-1;ToSite "לאתר הנדסי" true true false 254 Text 0 0 ,First,#,C:\kovezh_ironi\ironi.gdb\lots,ToSite,-1,-1;internet "פרטי גוש חלקה" true true false 254 Text 0 0 ,First,#,C:\kovezh_ironi\ironi.gdb\lots,internet,-1,-1;gush_txt "גוש" true true false 15 Text 0 0 ,First,#,C:\kovezh_ironi\ironi.gdb\lots,gush_txt,-1,-1;helka_txt "חלקה" true true false 10 Text 0 0 ,First,#,C:\kovezh_ironi\ironi.gdb\lots,helka_txt,-1,-1;infopage "הפקת דף מידע" true true false 254 Text 0 0 ,First,#,C:\kovezh_ironi\ironi.gdb\lots,infopage,-1,-1;ToSYS "למערכת קומפלוט" true true false 150 Text 0 0 ,First,#,C:\kovezh_ironi\ironi.gdb\lots,ToSYS,-1,-1" #</Process><Process ToolSource="c:\program files (x86)\arcgis\desktop10.6\ArcToolbox\Toolboxes\Data Management Tools.tbx\CopyFeatures" Date="20210425" Time="144511">CopyFeatures "C:\Hen\כפר יונה\כפר יונה\lots.shp" D:\gis_data\data\K_yona\k_yona_main_data.gdb\lots # 0 0 0</Process></lineage><coordRef><type Sync="TRUE">Projected</type><geogcsn Sync="TRUE">GCS_Israel</geogcsn><csUnits Sync="TRUE">Linear Unit: Meter (1.000000)</csUnits><projcsn Sync="TRUE">Israel_TM_Grid</projcsn><peXml Sync="TRUE">&lt;ProjectedCoordinateSystem xsi:type='typens:ProjectedCoordinateSystem' xmlns:xsi='http://www.w3.org/2001/XMLSchema-instance' xmlns:xs='http://www.w3.org/2001/XMLSchema' xmlns:typens='http://www.esri.com/schemas/ArcGIS/10.6'&gt;&lt;WKT&gt;PROJCS[&amp;quot;Israel_TM_Grid&amp;quot;,GEOGCS[&amp;quot;GCS_Israel&amp;quot;,DATUM[&amp;quot;D_Israel&amp;quot;,SPHEROID[&amp;quot;GRS_1980&amp;quot;,6378137.0,298.257222101]],PRIMEM[&amp;quot;Greenwich&amp;quot;,0.0],UNIT[&amp;quot;Degree&amp;quot;,0.0174532925199433]],PROJECTION[&amp;quot;Transverse_Mercator&amp;quot;],PARAMETER[&amp;quot;False_Easting&amp;quot;,219529.584],PARAMETER[&amp;quot;False_Northing&amp;quot;,626907.39],PARAMETER[&amp;quot;Central_Meridian&amp;quot;,35.20451694444445],PARAMETER[&amp;quot;Scale_Factor&amp;quot;,1.0000067],PARAMETER[&amp;quot;Latitude_Of_Origin&amp;quot;,31.73439361111111],UNIT[&amp;quot;Meter&amp;quot;,1.0],AUTHORITY[&amp;quot;EPSG&amp;quot;,2039]]&lt;/WKT&gt;&lt;XOrigin&gt;-5403700&lt;/XOrigin&gt;&lt;YOrigin&gt;-12887700&lt;/YOrigin&gt;&lt;XYScale&gt;10000&lt;/XYScale&gt;&lt;ZOrigin&gt;-100000&lt;/ZOrigin&gt;&lt;ZScale&gt;10000&lt;/ZScale&gt;&lt;MOrigin&gt;-100000&lt;/MOrigin&gt;&lt;MScale&gt;10000&lt;/MScale&gt;&lt;XYTolerance&gt;0.001&lt;/XYTolerance&gt;&lt;ZTolerance&gt;0.001&lt;/ZTolerance&gt;&lt;MTolerance&gt;0.001&lt;/MTolerance&gt;&lt;HighPrecision&gt;true&lt;/HighPrecision&gt;&lt;WKID&gt;2039&lt;/WKID&gt;&lt;LatestWKID&gt;2039&lt;/LatestWKID&gt;&lt;/ProjectedCoordinateSystem&gt;</peXml></coordRef></DataProperties><SyncDate>20210425</SyncDate><SyncTime>14450600</SyncTime><ModDate>20210425</ModDate><ModTime>14450600</ModTime></Esri><dataIdInfo><envirDesc Sync="TRUE"> Version 6.2 (Build 9200) ; Esri ArcGIS 10.6.1.9270</envirDesc><dataLang><languageCode value="heb" Sync="TRUE"></languageCode><countryCode value="ISR" Sync="TRUE"></countryCode></dataLang><idCitation><resTitle Sync="TRUE">lots</resTitle><presForm><PresFormCd value="005" Sync="TRUE"></PresFormCd></presForm></idCitation><spatRpType><SpatRepTypCd value="001" Sync="TRUE"></SpatRepTypCd></spatRpType></dataIdInfo><mdLang><languageCode value="heb" Sync="TRUE"></languageCode><countryCode value="ISR" Sync="TRUE"></countryCode></mdLang><mdChar><CharSetCd value="004" Sync="TRUE"></CharSetCd></mdChar><distInfo><distFormat><formatName Sync="TRUE">File Geodatabase Feature Class</formatName></distFormat><distTranOps><transSize Sync="TRUE">0.000</transSize></distTranOps></distInfo><mdHrLv><ScopeCd value="005" Sync="TRUE"></ScopeCd></mdHrLv><mdHrLvName Sync="TRUE">dataset</mdHrLvName><spatRepInfo><VectSpatRep><geometObjs Name="lots"><geoObjTyp><GeoObjTypCd value="002" Sync="TRUE"></GeoObjTypCd></geoObjTyp><geoObjCnt Sync="TRUE">0</geoObjCnt></geometObjs><topLvl><TopoLevCd value="001" Sync="TRUE"></TopoLevCd></topLvl></VectSpatRep></spatRepInfo><spdoinfo><ptvctinf><esriterm Name="lots"><efeatyp Sync="TRUE">Simple</efeatyp><efeageom code="4" Sync="TRUE"></efeageom><esritopo Sync="TRUE">FALSE</esritopo><efeacnt Sync="TRUE">0</efeacnt><spindex Sync="TRUE">TRUE</spindex><linrefer Sync="TRUE">FALSE</linrefer></esriterm></ptvctinf></spdoinfo><eainfo><detailed Name="lots"><enttyp><enttypl Sync="TRUE">lots</enttypl><enttypt Sync="TRUE">Feature Class</enttypt><enttypc Sync="TRUE">0</enttypc></enttyp><attr><attrlabl Sync="TRUE">OBJECTID</attrlabl><attalias Sync="TRUE">FID</attalias><attrtype Sync="TRUE">OID</attrtype><attwidth Sync="TRUE">4</attwidth><atprecis Sync="TRUE">0</atprecis><attscale Sync="TRUE">0</attscale><attrdef Sync="TRUE">Internal feature number.</attrdef><attrdefs Sync="TRUE">Esri</attrdefs><attrdomv><udom Sync="TRUE">Sequential unique whole numbers that are automatically generated.</udom></attrdomv></attr><attr><attrlabl Sync="TRUE">Shape</attrlabl><attalias Sync="TRUE">Shape</attalias><attrtype Sync="TRUE">Geometry</attrtype><attwidth Sync="TRUE">0</attwidth><atprecis Sync="TRUE">0</atprecis><attscale Sync="TRUE">0</attscale><attrdef Sync="TRUE">Feature geometry.</attrdef><attrdefs Sync="TRUE">Esri</attrdefs><attrdomv><udom Sync="TRUE">Coordinates defining the features.</udom></attrdomv></attr><attr><attrlabl Sync="TRUE">LAYER</attrlabl><attalias Sync="TRUE">LAYER</attalias><attrtype Sync="TRUE">String</attrtype><attwidth Sync="TRUE">254</attwidth><atprecis Sync="TRUE">0</atprecis><attscale Sync="TRUE">0</attscale></attr><attr><attrlabl Sync="TRUE">GUSH</attrlabl><attalias Sync="TRUE">GUSH</attalias><attrtype Sync="TRUE">Double</attrtype><attwidth Sync="TRUE">8</attwidth><atprecis Sync="TRUE">0</atprecis><attscale Sync="TRUE">0</attscale></attr><attr><attrlabl Sync="TRUE">HELKA</attrlabl><attalias Sync="TRUE">HELKA</attalias><attrtype Sync="TRUE">Double</attrtype><attwidth Sync="TRUE">8</attwidth><atprecis Sync="TRUE">0</atprecis><attscale Sync="TRUE">0</attscale></attr><attr><attrlabl Sync="TRUE">YKD2</attrlabl><attalias Sync="TRUE">YKD2</attalias><attrtype Sync="TRUE">Double</attrtype><attwidth Sync="TRUE">8</attwidth><atprecis Sync="TRUE">0</atprecis><attscale Sync="TRUE">0</attscale></attr><attr><attrlabl Sync="TRUE">YSTR</attrlabl><attalias Sync="TRUE">YSTR</attalias><attrtype Sync="TRUE">String</attrtype><attwidth Sync="TRUE">254</attwidth><atprecis Sync="TRUE">0</atprecis><attscale Sync="TRUE">0</attscale></attr><attr><attrlabl Sync="TRUE">THICKNESS</attrlabl><attalias Sync="TRUE">THICKNESS</attalias><attrtype Sync="TRUE">Double</attrtype><attwidth Sync="TRUE">8</attwidth><atprecis Sync="TRUE">0</atprecis><attscale Sync="TRUE">0</attscale></attr><attr><attrlabl Sync="TRUE">GAR_KEY</attrlabl><attalias Sync="TRUE">GAR_KEY</attalias><attrtype Sync="TRUE">Double</attrtype><attwidth Sync="TRUE">8</attwidth><atprecis Sync="TRUE">0</atprecis><attscale Sync="TRUE">0</attscale></attr><attr><attrlabl Sync="TRUE">Shape_Leng</attrlabl><attalias Sync="TRUE">Shape_Leng</attalias><attrtype Sync="TRUE">Double</attrtype><attwidth Sync="TRUE">8</attwidth><atprecis Sync="TRUE">0</atprecis><attscale Sync="TRUE">0</attscale></attr><attr><attrlabl Sync="TRUE">Shape_Area</attrlabl><attalias Sync="TRUE">Shape_Area</attalias><attrtype Sync="TRUE">Double</attrtype><attwidth Sync="TRUE">8</attwidth><atprecis Sync="TRUE">0</atprecis><attscale Sync="TRUE">0</attscale><attrdef Sync="TRUE">Area of feature in internal units squared.</attrdef><attrdefs Sync="TRUE">Esri</attrdefs><attrdomv><udom Sync="TRUE">Positive real numbers that are automatically generated.</udom></attrdomv></attr><attr><attrlabl Sync="TRUE">ToSite</attrlabl><attalias Sync="TRUE">ToSite</attalias><attrtype Sync="TRUE">String</attrtype><attwidth Sync="TRUE">254</attwidth><atprecis Sync="TRUE">0</atprecis><attscale Sync="TRUE">0</attscale></attr><attr><attrlabl Sync="TRUE">internet</attrlabl><attalias Sync="TRUE">internet</attalias><attrtype Sync="TRUE">String</attrtype><attwidth Sync="TRUE">254</attwidth><atprecis Sync="TRUE">0</atprecis><attscale Sync="TRUE">0</attscale></attr><attr><attrlabl Sync="TRUE">gush_txt</attrlabl><attalias Sync="TRUE">gush_txt</attalias><attrtype Sync="TRUE">String</attrtype><attwidth Sync="TRUE">15</attwidth><atprecis Sync="TRUE">0</atprecis><attscale Sync="TRUE">0</attscale></attr><attr><attrlabl Sync="TRUE">helka_txt</attrlabl><attalias Sync="TRUE">helka_txt</attalias><attrtype Sync="TRUE">String</attrtype><attwidth Sync="TRUE">10</attwidth><atprecis Sync="TRUE">0</atprecis><attscale Sync="TRUE">0</attscale></attr><attr><attrlabl Sync="TRUE">infopage</attrlabl><attalias Sync="TRUE">infopage</attalias><attrtype Sync="TRUE">String</attrtype><attwidth Sync="TRUE">254</attwidth><atprecis Sync="TRUE">0</atprecis><attscale Sync="TRUE">0</attscale></attr><attr><attrlabl Sync="TRUE">Shape_Length</attrlabl><attalias Sync="TRUE">Shape_Length</attalias><attrtype Sync="TRUE">Double</attrtype><attwidth Sync="TRUE">8</attwidth><atprecis Sync="TRUE">0</atprecis><attscale Sync="TRUE">0</attscale><attrdef Sync="TRUE">Length of feature in internal units.</attrdef><attrdefs Sync="TRUE">Esri</attrdefs><attrdomv><udom Sync="TRUE">Positive real numbers that are automatically generated.</udom></attrdomv></attr><attr><attrlabl Sync="TRUE">ToSYS</attrlabl><attalias Sync="TRUE">ToSYS</attalias><attrtype Sync="TRUE">String</attrtype><attwidth Sync="TRUE">150</attwidth><atprecis Sync="TRUE">0</atprecis><attscale Sync="TRUE">0</attscale></attr></detailed></eainfo><mdDateSt Sync="TRUE">20210425</mdDateSt><refSysInfo><RefSystem><refSysID><identCode code="2039" Sync="TRUE"></identCode><idCodeSpace Sync="TRUE">EPSG</idCodeSpace><idVersion Sync="TRUE">8.6(8.1.0)</idVersion></refSysID></RefSystem></refSysInfo></metadata>
